{"song_time": [10.769001960754395, 10.881344079971313, 11.740216970443726], "words_len_list": [501, 501, 501], "ave token time:": 45.01271809933943, "ave song time": 11.13018767038981}